<?xml version="1.0"?>
<!DOCTYPE Configure PUBLIC "-//Jetty//Configure//EN" "http://www.eclipse.org/jetty/configure.dtd">
<Configure id="Server" class="org.eclipse.jetty.server.Server">
    <Set name="sessionIdManager">
      <New class="org.eclipse.jetty.server.session.HashSessionIdManager">
        <Arg>
          <New class="java.util.Random"/>
        </Arg>
      </New>
    </Set>

    <Set name="ThreadPool">
      <New class="org.eclipse.jetty.util.thread.QueuedThreadPool">
        <Set name="minThreads">5</Set>
        <Set name="maxThreads">200</Set>
      </New>
    </Set>

    <Call name="addConnector">
      <Arg>
          <New class="org.eclipse.jetty.server.nio.SelectChannelConnector">
            <Set name="host">0.0.0.0</Set>
            <Set name="port"><SystemProperty name="jetty.port" default="8080"/></Set>
            <Set name="maxIdleTime">1800000</Set>
            <Set name="Acceptors">2</Set>
            <Set name="statsOn">false</Set>
            <!--Set name="confidentialPort">8443</Set-->
            <Set name="lowResourcesConnections">10000</Set>
            <Set name="lowResourcesMaxIdleTime">5000</Set>
          </New>
      </Arg>
    </Call>

    <Set name="handler">
      <New id="Handlers" class="org.eclipse.jetty.server.handler.HandlerCollection">
        <Set name="handlers">
         <Array type="org.eclipse.jetty.server.Handler">
           <Item>
             <New id="Contexts" class="org.eclipse.jetty.server.handler.ContextHandlerCollection"/>
           </Item>
           <Item>
             <New id="DefaultHandler" class="org.eclipse.jetty.server.handler.DefaultHandler"/>
           </Item>
           <Item>
             <New id="RequestLog" class="org.eclipse.jetty.server.handler.RequestLogHandler"/>
           </Item>
         </Array>
        </Set>
      </New>
    </Set>

    <New id="service" class="org.eclipse.jetty.webapp.WebAppContext">
      <Arg><Ref id="Contexts"/></Arg>
      <Arg><SystemProperty name="jetty.home" default="."/>/webapps/root.war</Arg>
      <Arg>/</Arg>
      <Set name="configurationClasses">
        <Array id="plusConfig" type="java.lang.String">
          <Item>org.eclipse.jetty.webapp.WebInfConfiguration</Item>
          <Item>org.eclipse.jetty.webapp.WebXmlConfiguration</Item>
          <Item>org.eclipse.jetty.webapp.MetaInfConfiguration</Item>
          <Item>org.eclipse.jetty.webapp.JettyWebXmlConfiguration</Item>
          <Item>org.eclipse.jetty.webapp.TagLibConfiguration</Item>
        </Array>
      </Set>
      <Set name="tempDirectory"><SystemProperty name="jetty.home" default="."/>/temp/</Set>
      <Set name="compactPath">true</Set>
      <Set name="extractWAR">true</Set>
      <Set name="parentLoaderPriority">false</Set>
      <Call name="setAttribute">
        <Arg>org.eclipse.jetty.server.webapp.ContainerIncludeJarPattern</Arg>
        <Arg>.*/.*jsp-api-[^/]*\.jar$|.*/.*jsp-[^/]*\.jar$|.*/.*taglibs[^/]*\.jar$</Arg>
      </Call>
    </New>

    <Ref id="RequestLog">
      <Set name="requestLog">
        <New id="RequestLogImpl" class="org.eclipse.jetty.server.NCSARequestLog">
          <Set name="filename">./yyyy_mm_dd.request.log</Set>
          <Set name="filenameDateFormat">yyyy_MM_dd</Set>
          <Set name="retainDays">90</Set>
          <Set name="append">true</Set>
          <Set name="extended">false</Set>
          <Set name="logCookies">false</Set>
          <Set name="LogTimeZone">GMT</Set>
        </New>
      </Set>
    </Ref>

    <Set name="stopAtShutdown">true</Set>
    <Set name="sendServerVersion">true</Set>
    <Set name="sendDateHeader">true</Set>
    <Set name="gracefulShutdown">1000</Set>
</Configure>