{
    "ver": "0.0.1",
    "authors": [
        "tiftleo"
    ],
    "contact": "",
    "categories": ["active"],
    "widgets": {
        "input": null,
        "output": null
    },
    "parameters": [ 
        {
            "id": "parameter_1",
            "optional": true,
            "advanced": false,
            "allow_multiple": false,
            "default_values": [ "" ],
            "field_type": "text",
            "text_options": {
                "valid_ws_types": [ ]
            }
        }
    ],
    "behavior": {
        "service-mapping": {
            "url": "",
            "method": "",
            "name": "RDPClassifier",
            "input_mapping": [
                {
                    "narrative_system_variable": "workspace",
                    "target_argument_position": 0
                },
                {
                    "input_parameter": "parameter_1",
                    "target_argument_position": 1
                }
            ],
            "output_mapping": [
                {
                    "service_method_output_path": [0],
                    "target_property": "output"
                },
                {
                    "input_parameter": "parameter_1",
                    "target_property": "input"
                },
                {
                    "narrative_system_variable": "workspace",
                    "target_property": "workspaceName"
                }
            ]
        }
    },
    "job_id_output_field": "docker"
}
